<?xml version="1.0" encoding="UTF-8"?>
<beans xmlns="http://www.springframework.org/schema/beans"
       xmlns:context="http://www.springframework.org/schema/context"
       xmlns:xsi="http://www.w3.org/2001/XMLSchema-instance"
       xmlns:aop="http://www.springframework.org/schema/aop"
       xmlns:mvc="http://www.springframework.org/schema/mvc"
       xmlns:jee="http://www.springframework.org/schema/jee"
       xmlns:tx="http://www.springframework.org/schema/tx"
       xsi:schemaLocation="
    http://www.springframework.org/schema/beans http://www.springframework.org/schema/beans/spring-beans.xsd
    http://www.springframework.org/schema/context http://www.springframework.org/schema/context/spring-context.xsd
    http://www.springframework.org/schema/aop http://www.springframework.org/schema/aop/spring-aop.xsd
    http://www.springframework.org/schema/mvc http://www.springframework.org/schema/mvc/spring-mvc.xsd
    http://www.springframework.org/schema/jee http://www.springframework.org/schema/jee/spring-jee.xsd
    http://www.springframework.org/schema/tx http://www.springframework.org/schema/tx/spring-tx.xsd">

 <!-- 注解驱动 -->
    <mvc:annotation-driven/>
    <!-- 处理静态资源 --> 
    <mvc:default-servlet-handler/>
   <mvc:resources mapping="/css/**/" location="/css/"/>  
   <mvc:resources mapping="/libs/**/" location="/libs/"/>  
<!--  
	<mvc:interceptors>
    <mvc:interceptor >
    <mvc:mapping path="/**"/>
    <bean class="com.situ.interceptor.LoginInterceptor"></bean>
    </mvc:interceptor>
    </mvc:interceptors>
-->
    
    
    <!-- 处理器映射器 -->
    <bean class="org.springframework.web.servlet.mvc.method.annotation.RequestMappingHandlerMapping"/>
    <!-- 处理器适配器 -->
    <bean class="org.springframework.web.servlet.mvc.method.annotation.RequestMappingHandlerAdapter">
        <!-- 加入 json数据的消息转换器 MappingJacksonHttpMessageConverter依赖Jackson的包 -->
        <property name="messageConverters">
            <list>
                <bean class="org.springframework.http.converter.json.MappingJackson2HttpMessageConverter"></bean>
            </list> 
        </property> 
    </bean>
    <!-- 视图解析器 -->
    <bean class="org.springframework.web.servlet.view.InternalResourceViewResolver">
        <property name="prefix" value="/"/>
        <property name="suffix" value=".jsp"/>
    </bean>
     <context:component-scan base-package="com.situ.intercept"></context:component-scan>
     <context:component-scan base-package="com.situ.cotroller"></context:component-scan>
     <context:component-scan base-package="com.situ.dao"></context:component-scan>
<!-- 扫描实现类的包 
    <context:component-scan base-package="com.situ.cotroller"></context:component-scan>
	<context:component-scan base-package="com.situ.service.impl"></context:component-scan>
	-->
   
    <import resource="classpath:applicationContext-dao.xml"/>

</beans>